,,
,,
,,
,,Natural
,,"Fructose: Naturally found in fruits, honey, and root vegetables. It is the natural sugar that makes fruits and some vegetables sweet."
,,"Sucrose: Commonly known as table sugar, sucrose occurs naturally in many plants, particularly sugarcane and sugar beets."
,,"Dextrose: Essentially glucose, but the term is often used to refer to glucose produced from corn. Naturally present in fruits and honey."
,,"Glucose: The most abundant sugar in nature, found in fruits, vegetables, and honey."
,,
,,
,,
,,Artificial
,,"Maltodextrin: Although derived from natural sources like starch (corn, rice, potato, wheat), maltodextrin is produced through an enzymatic process. It’s technically natural but highly processed."
,,"Sugar Alcohol (e.g., Sorbitol, Xylitol): Occurs naturally in some fruits and vegetables, but commercially produced sugar alcohols are extracted or synthesized through hydrogenation of sugars."
,,"Dextrin: produced by the hydrolysis of starch. Although it is derived from natural sources (like starch from corn, potato, wheat, or rice)"